image_path,plate_id,plate_number,province,first_line_bbox,second_line_bbox
plate-0.png,นาย,15,อำนาจเจริญ,"[(127, 0), (329, 0), (329, 130), (127, 130)]","[(138, 130), (329, 130), (329, 467), (138, 467)]"
plate-1.png,เก๊ก,1034,ขอนแก่น,"[(98, 0), (358, 0), (358, 130), (98, 130)]","[(166, 130), (301, 130), (301, 467), (166, 467)]"
plate-2.png,โหร,0126,สตูล,"[(97, 0), (360, 0), (360, 130), (97, 130)]","[(199, 130), (267, 130), (267, 467), (199, 467)]"
plate-3.png,ลง,8053,ลำปาง,"[(102, 0), (354, 0), (354, 130), (102, 130)]","[(181, 130), (286, 130), (286, 467), (181, 467)]"
plate-4.png,ชิน,150,ลำปาง,"[(128, 0), (328, 0), (328, 130), (128, 130)]","[(181, 130), (286, 130), (286, 467), (181, 467)]"
plate-5.png,บำราศ,35,นครพนม,"[(85, 0), (372, 0), (372, 130), (85, 130)]","[(164, 130), (302, 130), (302, 467), (164, 467)]"
plate-6.png,คูถ,681,นครพนม,"[(127, 0), (330, 0), (330, 130), (127, 130)]","[(164, 130), (302, 130), (302, 467), (164, 467)]"
plate-7.png,รัย,7160,สมุทรสาคร,"[(110, 0), (346, 0), (346, 130), (110, 130)]","[(147, 130), (320, 130), (320, 467), (147, 467)]"
plate-8.png,ตฤณ,4132,ร้อยเอ็ด,"[(77, 0), (379, 0), (379, 130), (77, 130)]","[(172, 130), (294, 130), (294, 467), (172, 467)]"
plate-9.png,หว่าน,5170,ศรีสะเกษ,"[(70, 0), (386, 0), (386, 130), (70, 130)]","[(164, 130), (302, 130), (302, 467), (164, 467)]"
plate-10.png,ขโมย,4082,สิงห์บุรี,"[(67, 0), (390, 0), (390, 130), (67, 130)]","[(179, 130), (287, 130), (287, 467), (179, 467)]"
plate-11.png,เซ้ง,6784,นราธิวาส,"[(97, 0), (360, 0), (360, 130), (97, 130)]","[(160, 130), (306, 130), (306, 467), (160, 467)]"
plate-12.png,เฮ้,8,อ่างทอง,"[(169, 0), (288, 0), (288, 130), (169, 130)]","[(170, 130), (297, 130), (297, 467), (170, 467)]"
plate-13.png,แหน,52,ประจวบคีรีขันธ์,"[(119, 0), (337, 0), (337, 130), (119, 130)]","[(116, 130), (350, 130), (350, 467), (116, 467)]"
plate-14.png,มุกดา,17,ประจวบคีรีขันธ์,"[(107, 0), (349, 0), (349, 130), (107, 130)]","[(116, 130), (350, 130), (350, 467), (116, 467)]"
plate-15.png,ทวง,87,ชัยภูมิ,"[(122, 0), (335, 0), (335, 130), (122, 130)]","[(189, 130), (278, 130), (278, 467), (189, 467)]"
plate-16.png,กระออม,73,อุบลราชธานี,"[(65, 0), (392, 0), (392, 130), (65, 130)]","[(136, 130), (330, 130), (330, 467), (136, 467)]"
plate-17.png,สำรอก,07,ฉะเชิงเทรา,"[(83, 0), (373, 0), (373, 130), (83, 130)]","[(152, 130), (315, 130), (315, 467), (152, 467)]"
plate-18.png,เบน,452,สมุทรสาคร,"[(109, 0), (347, 0), (347, 130), (109, 130)]","[(147, 130), (320, 130), (320, 467), (147, 467)]"
plate-19.png,นารี,2347,มุกดาหาร,"[(85, 0), (372, 0), (372, 130), (85, 130)]","[(158, 130), (308, 130), (308, 467), (158, 467)]"
plate-20.png,พินาศ,640,เชียงใหม่,"[(80, 0), (377, 0), (377, 130), (80, 130)]","[(167, 130), (300, 130), (300, 467), (167, 467)]"
plate-21.png,ขบวน,20,สมุทรสาคร,"[(101, 0), (356, 0), (356, 130), (101, 130)]","[(147, 130), (320, 130), (320, 467), (147, 467)]"
plate-22.png,อัคร,234,ศรีสะเกษ,"[(102, 0), (354, 0), (354, 130), (102, 130)]","[(164, 130), (302, 130), (302, 467), (164, 467)]"
plate-23.png,จำเจ,2607,ยะลา,"[(78, 0), (379, 0), (379, 130), (78, 130)]","[(193, 130), (274, 130), (274, 467), (193, 467)]"
plate-24.png,ปน,30,สระบุรี,"[(136, 0), (320, 0), (320, 130), (136, 130)]","[(182, 130), (284, 130), (284, 467), (182, 467)]"
plate-25.png,ฉงาย,405,นราธิวาส,"[(83, 0), (374, 0), (374, 130), (83, 130)]","[(160, 130), (306, 130), (306, 467), (160, 467)]"
plate-26.png,หาก,4,แพร่,"[(140, 0), (316, 0), (316, 130), (140, 130)]","[(201, 130), (266, 130), (266, 467), (201, 467)]"
plate-27.png,ชลี,6783,ยโสธร,"[(102, 0), (354, 0), (354, 130), (102, 130)]","[(182, 130), (285, 130), (285, 467), (182, 467)]"
plate-28.png,รด,504,ปทุมธานี,"[(123, 0), (334, 0), (334, 130), (123, 130)]","[(165, 130), (301, 130), (301, 467), (165, 467)]"
plate-29.png,ร้อง,376,เชียงใหม่,"[(105, 0), (351, 0), (351, 130), (105, 130)]","[(167, 130), (300, 130), (300, 467), (167, 467)]"
plate-30.png,มหิ,7836,ยโสธร,"[(99, 0), (358, 0), (358, 130), (99, 130)]","[(182, 130), (285, 130), (285, 467), (182, 467)]"
plate-31.png,ดำฤษณา,835,ชัยภูมิ,"[(31, 0), (425, 0), (425, 130), (31, 130)]","[(189, 130), (278, 130), (278, 467), (189, 467)]"
plate-32.png,ไมตรี,53,สุราษฎร์ธานี,"[(107, 0), (349, 0), (349, 130), (107, 130)]","[(137, 130), (330, 130), (330, 467), (137, 467)]"
plate-33.png,จุมพล,3217,เพชรบูรณ์,"[(66, 0), (390, 0), (390, 130), (66, 130)]","[(157, 130), (309, 130), (309, 467), (157, 467)]"
plate-34.png,ป้าย,8014,นครนายก,"[(88, 0), (369, 0), (369, 130), (88, 130)]","[(155, 130), (311, 130), (311, 467), (155, 467)]"
plate-35.png,คราบ,5,ร้อยเอ็ด,"[(122, 0), (334, 0), (334, 130), (122, 130)]","[(172, 130), (294, 130), (294, 467), (172, 467)]"
plate-36.png,โหน,7204,นครศรีธรรมราช,"[(85, 0), (372, 0), (372, 130), (85, 130)]","[(106, 130), (360, 130), (360, 467), (106, 467)]"
plate-37.png,บัดซบ,81,บึงกาฬ,"[(105, 0), (352, 0), (352, 130), (105, 130)]","[(178, 130), (288, 130), (288, 467), (178, 467)]"
plate-38.png,ตระกอง,3061,ชัยภูมิ,"[(38, 0), (419, 0), (419, 130), (38, 130)]","[(189, 130), (278, 130), (278, 467), (189, 467)]"
plate-39.png,พึ่ง,0129,นครศรีธรรมราช,"[(110, 0), (347, 0), (347, 130), (110, 130)]","[(106, 130), (360, 130), (360, 467), (106, 467)]"
plate-40.png,กระติบ,52,อำนาจเจริญ,"[(86, 0), (371, 0), (371, 130), (86, 130)]","[(138, 130), (329, 130), (329, 467), (138, 467)]"
plate-41.png,อิน,0784,บึงกาฬ,"[(98, 0), (358, 0), (358, 130), (98, 130)]","[(178, 130), (288, 130), (288, 467), (178, 467)]"
plate-42.png,เสพย์,07,พิจิตร,"[(108, 0), (349, 0), (349, 130), (108, 130)]","[(189, 130), (277, 130), (277, 467), (189, 467)]"
plate-43.png,ขะโมย,6874,แม่ฮ่องสอน,"[(53, 0), (404, 0), (404, 130), (53, 130)]","[(144, 130), (322, 130), (322, 467), (144, 467)]"
plate-44.png,ตบะ,3487,นราธิวาส,"[(84, 0), (373, 0), (373, 130), (84, 130)]","[(160, 130), (306, 130), (306, 467), (160, 467)]"
plate-45.png,บรรทม,27,กำแพงเพชร,"[(81, 0), (376, 0), (376, 130), (81, 130)]","[(143, 130), (324, 130), (324, 467), (143, 467)]"
plate-46.png,ซอมซ่อ,378,กาฬสินธุ์,"[(61, 0), (395, 0), (395, 130), (61, 130)]","[(166, 130), (301, 130), (301, 467), (166, 467)]"
plate-47.png,สาร์ท,26,เชียงราย,"[(105, 0), (352, 0), (352, 130), (105, 130)]","[(166, 130), (300, 130), (300, 467), (166, 467)]"
plate-48.png,บุณย์,2653,สระแก้ว,"[(69, 0), (387, 0), (387, 130), (69, 130)]","[(172, 130), (294, 130), (294, 467), (172, 467)]"
plate-49.png,ค่อ,2,ชัยนาท,"[(158, 0), (298, 0), (298, 130), (158, 130)]","[(178, 130), (288, 130), (288, 467), (178, 467)]"
plate-50.png,เคร่ง,84,ลำพูน,"[(115, 0), (342, 0), (342, 130), (115, 130)]","[(188, 130), (279, 130), (279, 467), (188, 467)]"
plate-51.png,สูด,1026,แพร่,"[(109, 0), (347, 0), (347, 130), (109, 130)]","[(201, 130), (266, 130), (266, 467), (201, 467)]"
plate-52.png,ขบขัน,153,ชัยภูมิ,"[(89, 0), (368, 0), (368, 130), (89, 130)]","[(189, 130), (278, 130), (278, 467), (189, 467)]"
plate-53.png,ถึก,1043,เพชรบุรี,"[(107, 0), (349, 0), (349, 130), (107, 130)]","[(174, 130), (292, 130), (292, 467), (174, 467)]"
plate-54.png,มอง,8270,น่าน,"[(81, 0), (375, 0), (375, 130), (81, 130)]","[(200, 130), (267, 130), (267, 467), (200, 467)]"
plate-55.png,กระซิก,17,ลพบุรี,"[(96, 0), (361, 0), (361, 130), (96, 130)]","[(188, 130), (279, 130), (279, 467), (188, 467)]"
plate-56.png,ปรีชา,40,ขอนแก่น,"[(105, 0), (351, 0), (351, 130), (105, 130)]","[(166, 130), (301, 130), (301, 467), (166, 467)]"
plate-57.png,เชี่ยน,6,อำนาจเจริญ,"[(130, 0), (326, 0), (326, 130), (130, 130)]","[(138, 130), (329, 130), (329, 467), (138, 467)]"
plate-58.png,จน,4830,กรุงเทพมหานคร,"[(100, 0), (356, 0), (356, 130), (100, 130)]","[(107, 130), (359, 130), (359, 467), (107, 467)]"
plate-59.png,อุ่น,7265,กาฬสินธุ์,"[(100, 0), (356, 0), (356, 130), (100, 130)]","[(166, 130), (301, 130), (301, 467), (166, 467)]"
plate-60.png,มคธ,7,กาฬสินธุ์,"[(138, 0), (319, 0), (319, 130), (138, 130)]","[(166, 130), (301, 130), (301, 467), (166, 467)]"
plate-61.png,กร่าง,23,พะเยา,"[(107, 0), (350, 0), (350, 130), (107, 130)]","[(187, 130), (279, 130), (279, 467), (187, 467)]"
plate-62.png,ปี,0126,ลพบุรี,"[(128, 0), (329, 0), (329, 130), (128, 130)]","[(188, 130), (279, 130), (279, 467), (188, 467)]"
plate-63.png,พรุ่ง,7236,พัทลุง,"[(85, 0), (372, 0), (372, 130), (85, 130)]","[(188, 130), (278, 130), (278, 467), (188, 467)]"
plate-64.png,ตามพะ,561,ภูเก็ต,"[(73, 0), (383, 0), (383, 130), (73, 130)]","[(194, 130), (273, 130), (273, 467), (194, 467)]"
plate-65.png,เจ,1680,น่าน,"[(121, 0), (336, 0), (336, 130), (121, 130)]","[(200, 130), (267, 130), (267, 467), (200, 467)]"
plate-66.png,ดาวบส,6425,พิษณุโลก,"[(46, 0), (411, 0), (411, 130), (46, 130)]","[(161, 130), (305, 130), (305, 467), (161, 467)]"
plate-67.png,เพิง,165,นครนายก,"[(120, 0), (336, 0), (336, 130), (120, 130)]","[(155, 130), (311, 130), (311, 467), (155, 467)]"
plate-68.png,วัติ,6137,เพชรบูรณ์,"[(110, 0), (346, 0), (346, 130), (110, 130)]","[(157, 130), (309, 130), (309, 467), (157, 467)]"
plate-69.png,จอบ,27,สตูล,"[(119, 0), (337, 0), (337, 130), (119, 130)]","[(199, 130), (267, 130), (267, 467), (199, 467)]"
plate-70.png,หวะ,487,สมุทรสงคราม,"[(106, 0), (350, 0), (350, 130), (106, 130)]","[(126, 130), (341, 130), (341, 467), (126, 467)]"
plate-71.png,นง,50,พะเยา,"[(141, 0), (316, 0), (316, 130), (141, 130)]","[(187, 130), (279, 130), (279, 467), (187, 467)]"
plate-72.png,พลอด,1,มุกดาหาร,"[(123, 0), (334, 0), (334, 130), (123, 130)]","[(158, 130), (308, 130), (308, 467), (158, 467)]"
plate-73.png,ราม,03,ปทุมธานี,"[(123, 0), (333, 0), (333, 130), (123, 130)]","[(165, 130), (301, 130), (301, 467), (165, 467)]"
plate-74.png,พท,1,อุทัยธานี,"[(163, 0), (294, 0), (294, 130), (163, 130)]","[(166, 130), (301, 130), (301, 467), (166, 467)]"
plate-75.png,อือ,751,สุรินทร์,"[(127, 0), (330, 0), (330, 130), (127, 130)]","[(178, 130), (288, 130), (288, 467), (178, 467)]"
plate-76.png,บท,852,นครพนม,"[(117, 0), (339, 0), (339, 130), (117, 130)]","[(164, 130), (302, 130), (302, 467), (164, 467)]"
plate-77.png,ปาด,8374,สุรินทร์,"[(81, 0), (376, 0), (376, 130), (81, 130)]","[(178, 130), (288, 130), (288, 467), (178, 467)]"
plate-78.png,ทข,6371,สระแก้ว,"[(109, 0), (347, 0), (347, 130), (109, 130)]","[(172, 130), (294, 130), (294, 467), (172, 467)]"
plate-79.png,โรค,487,อุบลราชธานี,"[(108, 0), (349, 0), (349, 130), (108, 130)]","[(136, 130), (330, 130), (330, 467), (136, 467)]"
plate-80.png,คลัง,0382,ชุมพร,"[(82, 0), (375, 0), (375, 130), (82, 130)]","[(190, 130), (277, 130), (277, 467), (190, 467)]"
plate-81.png,สะอิ้ง,8,สมุทรปราการ,"[(126, 0), (330, 0), (330, 130), (126, 130)]","[(126, 130), (340, 130), (340, 467), (126, 467)]"
plate-82.png,พืด,50,พิษณุโลก,"[(137, 0), (319, 0), (319, 130), (137, 130)]","[(161, 130), (305, 130), (305, 467), (161, 467)]"
plate-83.png,ยุทธนา,1853,กำแพงเพชร,"[(47, 0), (410, 0), (410, 130), (47, 130)]","[(143, 130), (324, 130), (324, 467), (143, 467)]"
plate-84.png,สุกร,271,นครราชสีมา,"[(110, 0), (346, 0), (346, 130), (110, 130)]","[(138, 130), (328, 130), (328, 467), (138, 467)]"
plate-85.png,มุ่ง,031,ชุมพร,"[(129, 0), (328, 0), (328, 130), (129, 130)]","[(190, 130), (277, 130), (277, 467), (190, 467)]"
plate-86.png,จ้อ,5871,กรุงเทพมหานคร,"[(109, 0), (348, 0), (348, 130), (109, 130)]","[(107, 130), (359, 130), (359, 467), (107, 467)]"
plate-87.png,ไป,845,หนองบัวลำภู,"[(125, 0), (331, 0), (331, 130), (125, 130)]","[(134, 130), (333, 130), (333, 467), (134, 467)]"
plate-88.png,สงบ,6,ตราด,"[(141, 0), (315, 0), (315, 130), (141, 130)]","[(191, 130), (276, 130), (276, 467), (191, 467)]"
plate-89.png,ซิ่น,27,นครสวรรค์,"[(140, 0), (316, 0), (316, 130), (140, 130)]","[(147, 130), (319, 130), (319, 467), (147, 467)]"
plate-90.png,เฉก,31,นครศรีธรรมราช,"[(135, 0), (321, 0), (321, 130), (135, 130)]","[(106, 130), (360, 130), (360, 467), (106, 467)]"
plate-91.png,ขอก,63,กาญจนบุรี,"[(121, 0), (335, 0), (335, 130), (121, 130)]","[(151, 130), (315, 130), (315, 467), (151, 467)]"
plate-92.png,แหลน,46,กรุงเทพมหานคร,"[(99, 0), (357, 0), (357, 130), (99, 130)]","[(107, 130), (359, 130), (359, 467), (107, 467)]"
plate-93.png,เขมือบ,4285,สิงห์บุรี,"[(51, 0), (405, 0), (405, 130), (51, 130)]","[(179, 130), (287, 130), (287, 467), (179, 467)]"
plate-94.png,สู่,4,จันทบุรี,"[(180, 0), (277, 0), (277, 130), (180, 130)]","[(177, 130), (290, 130), (290, 467), (177, 467)]"
plate-95.png,ถุง,740,ปทุมธานี,"[(122, 0), (334, 0), (334, 130), (122, 130)]","[(165, 130), (301, 130), (301, 467), (165, 467)]"
plate-96.png,พจ,26,ชลบุรี,"[(140, 0), (316, 0), (316, 130), (140, 130)]","[(190, 130), (277, 130), (277, 467), (190, 467)]"
plate-97.png,อัคคะ,681,สระแก้ว,"[(92, 0), (365, 0), (365, 130), (92, 130)]","[(172, 130), (294, 130), (294, 467), (172, 467)]"
plate-98.png,สลด,632,มุกดาหาร,"[(101, 0), (356, 0), (356, 130), (101, 130)]","[(158, 130), (308, 130), (308, 467), (158, 467)]"
plate-99.png,ตำรวจ,387,ชัยนาท,"[(67, 0), (390, 0), (390, 130), (67, 130)]","[(178, 130), (288, 130), (288, 467), (178, 467)]"
plate-100.png,รวน,706,พังงา,"[(104, 0), (353, 0), (353, 130), (104, 130)]","[(193, 130), (274, 130), (274, 467), (193, 467)]"
plate-101.png,ทิพ,5814,ยะลา,"[(105, 0), (352, 0), (352, 130), (105, 130)]","[(193, 130), (274, 130), (274, 467), (193, 467)]"
plate-102.png,นิตย์,50,สตูล,"[(117, 0), (340, 0), (340, 130), (117, 130)]","[(199, 130), (267, 130), (267, 467), (199, 467)]"
plate-103.png,ถุง,327,พิษณุโลก,"[(122, 0), (334, 0), (334, 130), (122, 130)]","[(161, 130), (305, 130), (305, 467), (161, 467)]"
plate-104.png,พิหาร,6038,นครสวรรค์,"[(63, 0), (394, 0), (394, 130), (63, 130)]","[(147, 130), (319, 130), (319, 467), (147, 467)]"
plate-105.png,ทำลาย,347,สกลนคร,"[(62, 0), (395, 0), (395, 130), (62, 130)]","[(166, 130), (301, 130), (301, 467), (166, 467)]"
plate-106.png,แหบ,308,ชัยภูมิ,"[(98, 0), (358, 0), (358, 130), (98, 130)]","[(189, 130), (278, 130), (278, 467), (189, 467)]"
plate-107.png,เวสาลี,0427,ตาก,"[(57, 0), (400, 0), (400, 130), (57, 130)]","[(201, 130), (266, 130), (266, 467), (201, 467)]"
plate-108.png,มั่ว,3704,เพชรบุรี,"[(102, 0), (355, 0), (355, 130), (102, 130)]","[(174, 130), (292, 130), (292, 467), (174, 467)]"
plate-109.png,ทำนอง,680,เลย,"[(61, 0), (395, 0), (395, 130), (61, 130)]","[(205, 130), (261, 130), (261, 467), (205, 467)]"
plate-110.png,จำกัด,4,อำนาจเจริญ,"[(122, 0), (335, 0), (335, 130), (122, 130)]","[(138, 130), (329, 130), (329, 467), (138, 467)]"
plate-111.png,ดื้อ,751,ศรีสะเกษ,"[(127, 0), (330, 0), (330, 130), (127, 130)]","[(164, 130), (302, 130), (302, 467), (164, 467)]"
plate-112.png,ก๊อ,4,สิงห์บุรี,"[(158, 0), (298, 0), (298, 130), (158, 130)]","[(179, 130), (287, 130), (287, 467), (179, 467)]"
plate-113.png,ก่ำ,238,สกลนคร,"[(121, 0), (335, 0), (335, 130), (121, 130)]","[(166, 130), (301, 130), (301, 467), (166, 467)]"
plate-114.png,ฆ่า,7260,แพร่,"[(103, 0), (353, 0), (353, 130), (103, 130)]","[(201, 130), (266, 130), (266, 467), (201, 467)]"
plate-115.png,ตะไคร้,0316,ร้อยเอ็ด,"[(62, 0), (394, 0), (394, 130), (62, 130)]","[(172, 130), (294, 130), (294, 467), (172, 467)]"
plate-116.png,ไย,7062,สุราษฎร์ธานี,"[(107, 0), (349, 0), (349, 130), (107, 130)]","[(137, 130), (330, 130), (330, 467), (137, 467)]"
plate-117.png,สวด,6784,กรุงเทพมหานคร,"[(83, 0), (373, 0), (373, 130), (83, 130)]","[(107, 130), (359, 130), (359, 467), (107, 467)]"
plate-118.png,ไป,36,ชัยนาท,"[(145, 0), (311, 0), (311, 130), (145, 130)]","[(178, 130), (288, 130), (288, 467), (178, 467)]"
plate-119.png,นมนาน,205,ชุมพร,"[(58, 0), (399, 0), (399, 130), (58, 130)]","[(190, 130), (277, 130), (277, 467), (190, 467)]"
plate-120.png,พจนา,54,นนทบุรี,"[(101, 0), (356, 0), (356, 130), (101, 130)]","[(175, 130), (291, 130), (291, 467), (175, 467)]"
plate-121.png,จะเข้,246,อ่างทอง,"[(102, 0), (355, 0), (355, 130), (102, 130)]","[(170, 130), (297, 130), (297, 467), (170, 467)]"
plate-122.png,เคารพ,0428,ขอนแก่น,"[(54, 0), (402, 0), (402, 130), (54, 130)]","[(166, 130), (301, 130), (301, 467), (166, 467)]"
plate-123.png,ผอูน,025,ปัตตานี,"[(97, 0), (359, 0), (359, 130), (97, 130)]","[(177, 130), (290, 130), (290, 467), (177, 467)]"
plate-124.png,ธาตรี,24,เพชรบูรณ์,"[(105, 0), (351, 0), (351, 130), (105, 130)]","[(157, 130), (309, 130), (309, 467), (157, 467)]"
plate-125.png,งง,2,เพชรบุรี,"[(164, 0), (292, 0), (292, 130), (164, 130)]","[(174, 130), (292, 130), (292, 467), (174, 467)]"
plate-126.png,เล็ก,246,ร้อยเอ็ด,"[(112, 0), (345, 0), (345, 130), (112, 130)]","[(172, 130), (294, 130), (294, 467), (172, 467)]"
plate-127.png,จังงัง,0376,สุรินทร์,"[(70, 0), (386, 0), (386, 130), (70, 130)]","[(178, 130), (288, 130), (288, 467), (178, 467)]"
plate-128.png,ตะพาย,136,ร้อยเอ็ด,"[(73, 0), (384, 0), (384, 130), (73, 130)]","[(172, 130), (294, 130), (294, 467), (172, 467)]"
plate-129.png,เทพี,12,ยโสธร,"[(135, 0), (322, 0), (322, 130), (135, 130)]","[(182, 130), (285, 130), (285, 467), (182, 467)]"
plate-130.png,ขลุบ,8230,สุราษฎร์ธานี,"[(80, 0), (376, 0), (376, 130), (80, 130)]","[(137, 130), (330, 130), (330, 467), (137, 467)]"
plate-131.png,ตบ,6705,หนองบัวลำภู,"[(100, 0), (357, 0), (357, 130), (100, 130)]","[(134, 130), (333, 130), (333, 467), (134, 467)]"
plate-132.png,ถาก,17,อุตรดิตถ์,"[(128, 0), (328, 0), (328, 130), (128, 130)]","[(166, 130), (301, 130), (301, 467), (166, 467)]"
plate-133.png,ปลอม,1465,ประจวบคีรีขันธ์,"[(66, 0), (390, 0), (390, 130), (66, 130)]","[(116, 130), (350, 130), (350, 467), (116, 467)]"
plate-134.png,นิทรา,4017,นครพนม,"[(70, 0), (386, 0), (386, 130), (70, 130)]","[(164, 130), (302, 130), (302, 467), (164, 467)]"
plate-135.png,ใส,124,กำแพงเพชร,"[(135, 0), (321, 0), (321, 130), (135, 130)]","[(143, 130), (324, 130), (324, 467), (143, 467)]"
plate-136.png,ซุ่ม,2468,ปราจีนบุรี,"[(103, 0), (354, 0), (354, 130), (103, 130)]","[(157, 130), (309, 130), (309, 467), (157, 467)]"
plate-137.png,ทะนุ,5,สตูล,"[(142, 0), (315, 0), (315, 130), (142, 130)]","[(199, 130), (267, 130), (267, 467), (199, 467)]"
plate-138.png,กายา,162,พะเยา,"[(92, 0), (364, 0), (364, 130), (92, 130)]","[(187, 130), (279, 130), (279, 467), (187, 467)]"
plate-139.png,เว้น,203,มุกดาหาร,"[(112, 0), (345, 0), (345, 130), (112, 130)]","[(158, 130), (308, 130), (308, 467), (158, 467)]"
plate-140.png,บ้าย,0742,ประจวบคีรีขันธ์,"[(81, 0), (375, 0), (375, 130), (81, 130)]","[(116, 130), (350, 130), (350, 467), (116, 467)]"
plate-141.png,กระจาด,763,บึงกาฬ,"[(52, 0), (405, 0), (405, 130), (52, 130)]","[(178, 130), (288, 130), (288, 467), (178, 467)]"
plate-142.png,เหยือก,053,กาฬสินธุ์,"[(68, 0), (388, 0), (388, 130), (68, 130)]","[(166, 130), (301, 130), (301, 467), (166, 467)]"
plate-143.png,นาก,14,บึงกาฬ,"[(128, 0), (329, 0), (329, 130), (128, 130)]","[(178, 130), (288, 130), (288, 467), (178, 467)]"
plate-144.png,ชงฆ์,138,ตาก,"[(110, 0), (346, 0), (346, 130), (110, 130)]","[(201, 130), (266, 130), (266, 467), (201, 467)]"
plate-145.png,พะวง,3,พัทลุง,"[(127, 0), (330, 0), (330, 130), (127, 130)]","[(188, 130), (278, 130), (278, 467), (188, 467)]"
plate-146.png,ชาตา,4,สุรินทร์,"[(126, 0), (331, 0), (331, 130), (126, 130)]","[(178, 130), (288, 130), (288, 467), (178, 467)]"
plate-147.png,ซั้น,8027,สมุทรปราการ,"[(101, 0), (356, 0), (356, 130), (101, 130)]","[(126, 130), (340, 130), (340, 467), (126, 467)]"
plate-148.png,สังคม,7328,แม่ฮ่องสอน,"[(62, 0), (395, 0), (395, 130), (62, 130)]","[(144, 130), (322, 130), (322, 467), (144, 467)]"
plate-149.png,อนุโลม,2067,สมุทรสาคร,"[(44, 0), (412, 0), (412, 130), (44, 130)]","[(147, 130), (320, 130), (320, 467), (147, 467)]"
plate-150.png,น่อง,8,พระนครศรีอยุธยา,"[(139, 0), (318, 0), (318, 130), (139, 130)]","[(93, 130), (373, 130), (373, 467), (93, 467)]"
plate-151.png,ท่อง,014,กาญจนบุรี,"[(108, 0), (348, 0), (348, 130), (108, 130)]","[(151, 130), (315, 130), (315, 467), (151, 467)]"
plate-152.png,เยื้อน,413,พะเยา,"[(96, 0), (361, 0), (361, 130), (96, 130)]","[(187, 130), (279, 130), (279, 467), (187, 467)]"
plate-153.png,สมาส,0,สตูล,"[(121, 0), (335, 0), (335, 130), (121, 130)]","[(199, 130), (267, 130), (267, 467), (199, 467)]"
plate-154.png,ลำบาก,180,เพชรบุรี,"[(69, 0), (388, 0), (388, 130), (69, 130)]","[(174, 130), (292, 130), (292, 467), (174, 467)]"
plate-155.png,บุษบก,8623,กาญจนบุรี,"[(56, 0), (400, 0), (400, 130), (56, 130)]","[(151, 130), (315, 130), (315, 467), (151, 467)]"
plate-156.png,ทวี,7,พังงา,"[(159, 0), (297, 0), (297, 130), (159, 130)]","[(193, 130), (274, 130), (274, 467), (193, 467)]"
plate-157.png,บุคคล,8907,นราธิวาส,"[(58, 0), (399, 0), (399, 130), (58, 130)]","[(160, 130), (306, 130), (306, 467), (160, 467)]"
plate-158.png,แปร่ง,1,ปทุมธานี,"[(131, 0), (325, 0), (325, 130), (131, 130)]","[(165, 130), (301, 130), (301, 467), (165, 467)]"
plate-159.png,ต่าง,8043,มุกดาหาร,"[(85, 0), (372, 0), (372, 130), (85, 130)]","[(158, 130), (308, 130), (308, 467), (158, 467)]"
plate-160.png,เมฆา,54,อำนาจเจริญ,"[(112, 0), (345, 0), (345, 130), (112, 130)]","[(138, 130), (329, 130), (329, 467), (138, 467)]"
plate-161.png,ชฎิล,3459,ราชบุรี,"[(83, 0), (373, 0), (373, 130), (83, 130)]","[(182, 130), (285, 130), (285, 467), (182, 467)]"
plate-162.png,สอน,42,แพร่,"[(119, 0), (338, 0), (338, 130), (119, 130)]","[(201, 130), (266, 130), (266, 467), (201, 467)]"
plate-163.png,ไกล่,8906,อุบลราชธานี,"[(87, 0), (369, 0), (369, 130), (87, 130)]","[(136, 130), (330, 130), (330, 467), (136, 467)]"
plate-164.png,ตะบึง,5,สระแก้ว,"[(125, 0), (331, 0), (331, 130), (125, 130)]","[(172, 130), (294, 130), (294, 467), (172, 467)]"
plate-165.png,หงอ,32,ยะลา,"[(121, 0), (336, 0), (336, 130), (121, 130)]","[(193, 130), (274, 130), (274, 467), (193, 467)]"
plate-166.png,ญาติ,5,ศรีสะเกษ,"[(132, 0), (325, 0), (325, 130), (132, 130)]","[(164, 130), (302, 130), (302, 467), (164, 467)]"
plate-167.png,เฮอ,073,นราธิวาส,"[(110, 0), (347, 0), (347, 130), (110, 130)]","[(160, 130), (306, 130), (306, 467), (160, 467)]"
plate-168.png,มะกา,0783,บุรีรัมย์,"[(66, 0), (390, 0), (390, 130), (66, 130)]","[(178, 130), (288, 130), (288, 467), (178, 467)]"
plate-169.png,เอ้,0,สมุทรปราการ,"[(169, 0), (287, 0), (287, 130), (169, 130)]","[(126, 130), (340, 130), (340, 467), (126, 467)]"
plate-170.png,หนู,7850,นครราชสีมา,"[(98, 0), (359, 0), (359, 130), (98, 130)]","[(138, 130), (328, 130), (328, 467), (138, 467)]"
plate-171.png,วิหาร,71,แม่ฮ่องสอน,"[(113, 0), (344, 0), (344, 130), (113, 130)]","[(144, 130), (322, 130), (322, 467), (144, 467)]"
plate-172.png,ถาง,562,ตรัง,"[(106, 0), (350, 0), (350, 130), (106, 130)]","[(202, 130), (264, 130), (264, 467), (202, 467)]"
plate-173.png,แหว่ง,4,ระยอง,"[(124, 0), (332, 0), (332, 130), (124, 130)]","[(183, 130), (284, 130), (284, 467), (183, 467)]"
plate-174.png,ประภา,470,สระแก้ว,"[(68, 0), (388, 0), (388, 130), (68, 130)]","[(172, 130), (294, 130), (294, 467), (172, 467)]"
plate-175.png,กานพลู,374,อุดรธานี,"[(58, 0), (398, 0), (398, 130), (58, 130)]","[(168, 130), (299, 130), (299, 467), (168, 467)]"
plate-176.png,ส่อ,4127,กำแพงเพชร,"[(109, 0), (348, 0), (348, 130), (109, 130)]","[(143, 130), (324, 130), (324, 467), (143, 467)]"
plate-177.png,กังหัน,7,ตราด,"[(118, 0), (338, 0), (338, 130), (118, 130)]","[(191, 130), (276, 130), (276, 467), (191, 467)]"
plate-178.png,ทะนุ,4132,มหาสารคาม,"[(91, 0), (365, 0), (365, 130), (91, 130)]","[(138, 130), (329, 130), (329, 467), (138, 467)]"
plate-179.png,เหน็บ,521,มุกดาหาร,"[(95, 0), (361, 0), (361, 130), (95, 130)]","[(158, 130), (308, 130), (308, 467), (158, 467)]"
plate-180.png,แพทย์,6,ศรีสะเกษ,"[(117, 0), (340, 0), (340, 130), (117, 130)]","[(164, 130), (302, 130), (302, 467), (164, 467)]"
plate-181.png,โพธิ,4,อุบลราชธานี,"[(144, 0), (313, 0), (313, 130), (144, 130)]","[(136, 130), (330, 130), (330, 467), (136, 467)]"
plate-182.png,สำนึก,5362,ฉะเชิงเทรา,"[(63, 0), (394, 0), (394, 130), (63, 130)]","[(152, 130), (315, 130), (315, 467), (152, 467)]"
plate-183.png,ชำ,5423,มหาสารคาม,"[(106, 0), (351, 0), (351, 130), (106, 130)]","[(138, 130), (329, 130), (329, 467), (138, 467)]"
plate-184.png,เย้ย,0824,สงขลา,"[(90, 0), (367, 0), (367, 130), (90, 130)]","[(182, 130), (285, 130), (285, 467), (182, 467)]"
plate-185.png,พิสดาร,6783,ลพบุรี,"[(44, 0), (413, 0), (413, 130), (44, 130)]","[(188, 130), (279, 130), (279, 467), (188, 467)]"
plate-186.png,อ้อย,3472,จันทบุรี,"[(79, 0), (377, 0), (377, 130), (79, 130)]","[(177, 130), (290, 130), (290, 467), (177, 467)]"
plate-187.png,แร่,5024,อุทัยธานี,"[(106, 0), (351, 0), (351, 130), (106, 130)]","[(166, 130), (301, 130), (301, 467), (166, 467)]"
plate-188.png,ปลด,371,สิงห์บุรี,"[(105, 0), (352, 0), (352, 130), (105, 130)]","[(179, 130), (287, 130), (287, 467), (179, 467)]"
plate-189.png,จอแจ,07,สงขลา,"[(103, 0), (353, 0), (353, 130), (103, 130)]","[(182, 130), (285, 130), (285, 467), (182, 467)]"
plate-190.png,พข,1345,สมุทรสงคราม,"[(109, 0), (348, 0), (348, 130), (109, 130)]","[(126, 130), (341, 130), (341, 467), (126, 467)]"
plate-191.png,สะพรึบ,3276,หนองบัวลำภู,"[(47, 0), (410, 0), (410, 130), (47, 130)]","[(134, 130), (333, 130), (333, 467), (134, 467)]"
plate-192.png,กย,21,ชุมพร,"[(146, 0), (311, 0), (311, 130), (146, 130)]","[(190, 130), (277, 130), (277, 467), (190, 467)]"
plate-193.png,ถ่ม,5412,อุบลราชธานี,"[(108, 0), (349, 0), (349, 130), (108, 130)]","[(136, 130), (330, 130), (330, 467), (136, 467)]"
plate-194.png,หท,5832,เพชรบุรี,"[(98, 0), (358, 0), (358, 130), (98, 130)]","[(174, 130), (292, 130), (292, 467), (174, 467)]"
plate-195.png,แขยง,2783,นครศรีธรรมราช,"[(65, 0), (391, 0), (391, 130), (65, 130)]","[(106, 130), (360, 130), (360, 467), (106, 467)]"
plate-196.png,ภักษา,2341,หนองบัวลำภู,"[(68, 0), (388, 0), (388, 130), (68, 130)]","[(134, 130), (333, 130), (333, 467), (134, 467)]"
plate-197.png,ฝึก,7023,นครพนม,"[(99, 0), (358, 0), (358, 130), (99, 130)]","[(164, 130), (302, 130), (302, 467), (164, 467)]"
plate-198.png,หัต,5843,จันทบุรี,"[(99, 0), (357, 0), (357, 130), (99, 130)]","[(177, 130), (290, 130), (290, 467), (177, 467)]"
plate-199.png,สะกิด,2851,กระบี่,"[(73, 0), (383, 0), (383, 130), (73, 130)]","[(192, 130), (275, 130), (275, 467), (192, 467)]"
plate-200.png,ชนนี,104,มุกดาหาร,"[(107, 0), (350, 0), (350, 130), (107, 130)]","[(158, 130), (308, 130), (308, 467), (158, 467)]"
plate-201.png,เอ็น,4027,พังงา,"[(90, 0), (366, 0), (366, 130), (90, 130)]","[(193, 130), (274, 130), (274, 467), (193, 467)]"
plate-202.png,อัมพร,516,ชุมพร,"[(88, 0), (369, 0), (369, 130), (88, 130)]","[(190, 130), (277, 130), (277, 467), (190, 467)]"
plate-203.png,อวด,0,หนองบัวลำภู,"[(140, 0), (317, 0), (317, 130), (140, 130)]","[(134, 130), (333, 130), (333, 467), (134, 467)]"
plate-204.png,พืช,1234,อุบลราชธานี,"[(109, 0), (348, 0), (348, 130), (109, 130)]","[(136, 130), (330, 130), (330, 467), (136, 467)]"
plate-205.png,ราชา,264,เชียงใหม่,"[(91, 0), (365, 0), (365, 130), (91, 130)]","[(167, 130), (300, 130), (300, 467), (167, 467)]"
plate-206.png,โฆษณา,07,เพชรบูรณ์,"[(75, 0), (382, 0), (382, 130), (75, 130)]","[(157, 130), (309, 130), (309, 467), (157, 467)]"
plate-207.png,ปริมาณ,6382,มุกดาหาร,"[(33, 0), (423, 0), (423, 130), (33, 130)]","[(158, 130), (308, 130), (308, 467), (158, 467)]"
plate-208.png,วิทยุ,0325,ร้อยเอ็ด,"[(81, 0), (376, 0), (376, 130), (81, 130)]","[(172, 130), (294, 130), (294, 467), (172, 467)]"
plate-209.png,ตะเลง,451,เชียงใหม่,"[(86, 0), (370, 0), (370, 130), (86, 130)]","[(167, 130), (300, 130), (300, 467), (167, 467)]"
plate-210.png,ถนัด,674,อำนาจเจริญ,"[(99, 0), (358, 0), (358, 130), (99, 130)]","[(138, 130), (329, 130), (329, 467), (138, 467)]"
plate-211.png,ผ็อย,1,ลพบุรี,"[(143, 0), (313, 0), (313, 130), (143, 130)]","[(188, 130), (279, 130), (279, 467), (188, 467)]"
plate-212.png,นิมนต์,263,ร้อยเอ็ด,"[(77, 0), (380, 0), (380, 130), (77, 130)]","[(172, 130), (294, 130), (294, 467), (172, 467)]"
plate-213.png,มาตร,31,มุกดาหาร,"[(110, 0), (346, 0), (346, 130), (110, 130)]","[(158, 130), (308, 130), (308, 467), (158, 467)]"
plate-214.png,ซี,4371,ตราด,"[(130, 0), (326, 0), (326, 130), (130, 130)]","[(191, 130), (276, 130), (276, 467), (191, 467)]"
plate-215.png,สมมุติ,40,นครนายก,"[(98, 0), (359, 0), (359, 130), (98, 130)]","[(155, 130), (311, 130), (311, 467), (155, 467)]"
plate-216.png,นวล,30,แพร่,"[(119, 0), (337, 0), (337, 130), (119, 130)]","[(201, 130), (266, 130), (266, 467), (201, 467)]"
plate-217.png,จงอาง,7,พัทลุง,"[(107, 0), (349, 0), (349, 130), (107, 130)]","[(188, 130), (278, 130), (278, 467), (188, 467)]"
plate-218.png,บัญชร,082,กาฬสินธุ์,"[(73, 0), (383, 0), (383, 130), (73, 130)]","[(166, 130), (301, 130), (301, 467), (166, 467)]"
plate-219.png,นฤมิตร,6321,ระนอง,"[(48, 0), (408, 0), (408, 130), (48, 130)]","[(182, 130), (284, 130), (284, 467), (182, 467)]"
plate-220.png,ทิพา,6721,เชียงราย,"[(88, 0), (368, 0), (368, 130), (88, 130)]","[(166, 130), (300, 130), (300, 467), (166, 467)]"
plate-221.png,ขัดสน,5062,ปทุมธานี,"[(63, 0), (394, 0), (394, 130), (63, 130)]","[(165, 130), (301, 130), (301, 467), (165, 467)]"
plate-222.png,จะ,648,ชัยภูมิ,"[(128, 0), (329, 0), (329, 130), (128, 130)]","[(189, 130), (278, 130), (278, 467), (189, 467)]"
plate-223.png,พญา,68,ปราจีนบุรี,"[(111, 0), (346, 0), (346, 130), (111, 130)]","[(157, 130), (309, 130), (309, 467), (157, 467)]"
plate-224.png,นฤคหิต,64,ปทุมธานี,"[(77, 0), (380, 0), (380, 130), (77, 130)]","[(165, 130), (301, 130), (301, 467), (165, 467)]"
plate-225.png,กาก,624,นครศรีธรรมราช,"[(103, 0), (353, 0), (353, 130), (103, 130)]","[(106, 130), (360, 130), (360, 467), (106, 467)]"
plate-226.png,อริยะ,5,สุพรรณบุรี,"[(126, 0), (331, 0), (331, 130), (126, 130)]","[(151, 130), (315, 130), (315, 467), (151, 467)]"
plate-227.png,ปท,15,สมุทรสาคร,"[(144, 0), (312, 0), (312, 130), (144, 130)]","[(147, 130), (320, 130), (320, 467), (147, 467)]"
plate-228.png,ฮึ,427,สตูล,"[(140, 0), (316, 0), (316, 130), (140, 130)]","[(199, 130), (267, 130), (267, 467), (199, 467)]"
plate-229.png,ประ,0634,กาญจนบุรี,"[(88, 0), (368, 0), (368, 130), (88, 130)]","[(151, 130), (315, 130), (315, 467), (151, 467)]"
plate-230.png,บริวาร,4751,ลำพูน,"[(57, 0), (400, 0), (400, 130), (57, 130)]","[(188, 130), (279, 130), (279, 467), (188, 467)]"
plate-231.png,ดำริ,574,พังงา,"[(105, 0), (352, 0), (352, 130), (105, 130)]","[(193, 130), (274, 130), (274, 467), (193, 467)]"
plate-232.png,เสโท,7,มหาสารคาม,"[(135, 0), (322, 0), (322, 130), (135, 130)]","[(138, 130), (329, 130), (329, 467), (138, 467)]"
plate-233.png,เซอะ,20,ลำปาง,"[(118, 0), (339, 0), (339, 130), (118, 130)]","[(181, 130), (286, 130), (286, 467), (181, 467)]"
plate-234.png,หาว,3,สมุทรสาคร,"[(142, 0), (314, 0), (314, 130), (142, 130)]","[(147, 130), (320, 130), (320, 467), (147, 467)]"
plate-235.png,บั้น,64,สุพรรณบุรี,"[(138, 0), (319, 0), (319, 130), (138, 130)]","[(151, 130), (315, 130), (315, 467), (151, 467)]"
plate-236.png,โดย,13,อุตรดิตถ์,"[(131, 0), (325, 0), (325, 130), (131, 130)]","[(166, 130), (301, 130), (301, 467), (166, 467)]"
plate-237.png,กระแห,5068,ชัยนาท,"[(49, 0), (407, 0), (407, 130), (49, 130)]","[(178, 130), (288, 130), (288, 467), (178, 467)]"
plate-238.png,อี๋,547,กาญจนบุรี,"[(140, 0), (316, 0), (316, 130), (140, 130)]","[(151, 130), (315, 130), (315, 467), (151, 467)]"
plate-239.png,หง่อม,153,ประจวบคีรีขันธ์,"[(88, 0), (369, 0), (369, 130), (88, 130)]","[(116, 130), (350, 130), (350, 467), (116, 467)]"
plate-240.png,ย่อย,2346,มุกดาหาร,"[(80, 0), (377, 0), (377, 130), (80, 130)]","[(158, 130), (308, 130), (308, 467), (158, 467)]"
plate-241.png,สามล,5679,สมุทรสงคราม,"[(64, 0), (392, 0), (392, 130), (64, 130)]","[(126, 130), (341, 130), (341, 467), (126, 467)]"
plate-242.png,ยาด,15,กาญจนบุรี,"[(128, 0), (328, 0), (328, 130), (128, 130)]","[(151, 130), (315, 130), (315, 467), (151, 467)]"
plate-243.png,ภูธเรศ,7850,ปัตตานี,"[(53, 0), (404, 0), (404, 130), (53, 130)]","[(177, 130), (290, 130), (290, 467), (177, 467)]"
plate-244.png,โตรก,28,สตูล,"[(107, 0), (350, 0), (350, 130), (107, 130)]","[(199, 130), (267, 130), (267, 467), (199, 467)]"
plate-245.png,ระไว,10,ปัตตานี,"[(123, 0), (333, 0), (333, 130), (123, 130)]","[(177, 130), (290, 130), (290, 467), (177, 467)]"
plate-246.png,ปัด,072,ชัยนาท,"[(118, 0), (338, 0), (338, 130), (118, 130)]","[(178, 130), (288, 130), (288, 467), (178, 467)]"
plate-247.png,ชะโงก,6304,พังงา,"[(57, 0), (399, 0), (399, 130), (57, 130)]","[(193, 130), (274, 130), (274, 467), (193, 467)]"
plate-248.png,อนธการ,7896,หนองคาย,"[(25, 0), (432, 0), (432, 130), (25, 130)]","[(156, 130), (310, 130), (310, 467), (156, 467)]"
plate-249.png,อุ,124,กำแพงเพชร,"[(148, 0), (309, 0), (309, 130), (148, 130)]","[(143, 130), (324, 130), (324, 467), (143, 467)]"
plate-250.png,สำแลง,728,ลพบุรี,"[(66, 0), (391, 0), (391, 130), (66, 130)]","[(188, 130), (279, 130), (279, 467), (188, 467)]"
plate-251.png,ทวีป,5,เลย,"[(138, 0), (318, 0), (318, 130), (138, 130)]","[(205, 130), (261, 130), (261, 467), (205, 467)]"
plate-252.png,รุ่น,874,นราธิวาส,"[(121, 0), (336, 0), (336, 130), (121, 130)]","[(160, 130), (306, 130), (306, 467), (160, 467)]"
plate-253.png,ครุย,4,พังงา,"[(140, 0), (316, 0), (316, 130), (140, 130)]","[(193, 130), (274, 130), (274, 467), (193, 467)]"
plate-254.png,ห้อย,61,มุกดาหาร,"[(125, 0), (331, 0), (331, 130), (125, 130)]","[(158, 130), (308, 130), (308, 467), (158, 467)]"
plate-255.png,วาย,8,ตรัง,"[(142, 0), (315, 0), (315, 130), (142, 130)]","[(202, 130), (264, 130), (264, 467), (202, 467)]"
plate-256.png,คอน,241,หนองคาย,"[(106, 0), (351, 0), (351, 130), (106, 130)]","[(156, 130), (310, 130), (310, 467), (156, 467)]"
plate-257.png,สอน,642,สิงห์บุรี,"[(100, 0), (356, 0), (356, 130), (100, 130)]","[(179, 130), (287, 130), (287, 467), (179, 467)]"
plate-258.png,แบบ,8617,ตาก,"[(87, 0), (370, 0), (370, 130), (87, 130)]","[(201, 130), (266, 130), (266, 467), (201, 467)]"
plate-259.png,ขาด,7236,เพชรบุรี,"[(86, 0), (371, 0), (371, 130), (86, 130)]","[(174, 130), (292, 130), (292, 467), (174, 467)]"
plate-260.png,ทข,83,ราชบุรี,"[(139, 0), (317, 0), (317, 130), (139, 130)]","[(182, 130), (285, 130), (285, 467), (182, 467)]"
plate-261.png,ปัวะ,7,กาฬสินธุ์,"[(145, 0), (312, 0), (312, 130), (145, 130)]","[(166, 130), (301, 130), (301, 467), (166, 467)]"
plate-262.png,จย,3217,สงขลา,"[(109, 0), (348, 0), (348, 130), (109, 130)]","[(182, 130), (285, 130), (285, 467), (182, 467)]"
plate-263.png,กัณฐชะ,70,อำนาจเจริญ,"[(77, 0), (379, 0), (379, 130), (77, 130)]","[(138, 130), (329, 130), (329, 467), (138, 467)]"
plate-264.png,สกุณี,357,นนทบุรี,"[(90, 0), (367, 0), (367, 130), (90, 130)]","[(175, 130), (291, 130), (291, 467), (175, 467)]"
plate-265.png,หทัย,7048,ภูเก็ต,"[(77, 0), (380, 0), (380, 130), (77, 130)]","[(194, 130), (273, 130), (273, 467), (194, 467)]"
plate-266.png,ผอบ,3852,สกลนคร,"[(77, 0), (379, 0), (379, 130), (77, 130)]","[(166, 130), (301, 130), (301, 467), (166, 467)]"
plate-267.png,ชิงช้า,6582,นครนายก,"[(71, 0), (386, 0), (386, 130), (71, 130)]","[(155, 130), (311, 130), (311, 467), (155, 467)]"
plate-268.png,จ๊ะเอ๋,014,ปราจีนบุรี,"[(105, 0), (351, 0), (351, 130), (105, 130)]","[(157, 130), (309, 130), (309, 467), (157, 467)]"
plate-269.png,แขม,480,เชียงใหม่,"[(102, 0), (354, 0), (354, 130), (102, 130)]","[(167, 130), (300, 130), (300, 467), (167, 467)]"
plate-270.png,เยิ่น,234,อำนาจเจริญ,"[(109, 0), (347, 0), (347, 130), (109, 130)]","[(138, 130), (329, 130), (329, 467), (138, 467)]"
plate-271.png,เหิน,0,พระนครศรีอยุธยา,"[(147, 0), (309, 0), (309, 130), (147, 130)]","[(93, 130), (373, 130), (373, 467), (93, 467)]"
plate-272.png,ง่อน,172,อำนาจเจริญ,"[(108, 0), (348, 0), (348, 130), (108, 130)]","[(138, 130), (329, 130), (329, 467), (138, 467)]"
plate-273.png,เหลือบ,1526,นครพนม,"[(57, 0), (399, 0), (399, 130), (57, 130)]","[(164, 130), (302, 130), (302, 467), (164, 467)]"
plate-274.png,ถาก,417,อุตรดิตถ์,"[(109, 0), (347, 0), (347, 130), (109, 130)]","[(166, 130), (301, 130), (301, 467), (166, 467)]"
plate-275.png,โด,5,สระแก้ว,"[(165, 0), (292, 0), (292, 130), (165, 130)]","[(172, 130), (294, 130), (294, 467), (172, 467)]"
plate-276.png,มติ,176,สิงห์บุรี,"[(127, 0), (330, 0), (330, 130), (127, 130)]","[(179, 130), (287, 130), (287, 467), (179, 467)]"
plate-277.png,ขิง,3454,เชียงราย,"[(106, 0), (350, 0), (350, 130), (106, 130)]","[(166, 130), (300, 130), (300, 467), (166, 467)]"
plate-278.png,ขันที,73,มุกดาหาร,"[(118, 0), (338, 0), (338, 130), (118, 130)]","[(158, 130), (308, 130), (308, 467), (158, 467)]"
plate-279.png,ค้าน,01,อุทัยธานี,"[(127, 0), (329, 0), (329, 130), (127, 130)]","[(166, 130), (301, 130), (301, 467), (166, 467)]"
plate-280.png,มังคุด,240,สมุทรสงคราม,"[(81, 0), (375, 0), (375, 130), (81, 130)]","[(126, 130), (341, 130), (341, 467), (126, 467)]"
plate-281.png,ตะไคร้,0318,เพชรบุรี,"[(61, 0), (396, 0), (396, 130), (61, 130)]","[(174, 130), (292, 130), (292, 467), (174, 467)]"
plate-282.png,เหงื่อ,2576,สมุทรสงคราม,"[(74, 0), (382, 0), (382, 130), (74, 130)]","[(126, 130), (341, 130), (341, 467), (126, 467)]"
plate-283.png,ทิฐิ,0,สุรินทร์,"[(159, 0), (298, 0), (298, 130), (159, 130)]","[(178, 130), (288, 130), (288, 467), (178, 467)]"
plate-284.png,ชม้าย,475,จันทบุรี,"[(83, 0), (373, 0), (373, 130), (83, 130)]","[(177, 130), (290, 130), (290, 467), (177, 467)]"
plate-285.png,รข,186,พิษณุโลก,"[(132, 0), (324, 0), (324, 130), (132, 130)]","[(161, 130), (305, 130), (305, 467), (161, 467)]"
plate-286.png,มุม,25,ราชบุรี,"[(138, 0), (318, 0), (318, 130), (138, 130)]","[(182, 130), (285, 130), (285, 467), (182, 467)]"
plate-287.png,แนม,387,หนองบัวลำภู,"[(98, 0), (358, 0), (358, 130), (98, 130)]","[(134, 130), (333, 130), (333, 467), (134, 467)]"
plate-288.png,เฆี่ยน,305,ชลบุรี,"[(88, 0), (369, 0), (369, 130), (88, 130)]","[(190, 130), (277, 130), (277, 467), (190, 467)]"
plate-289.png,โรคา,782,สระแก้ว,"[(90, 0), (366, 0), (366, 130), (90, 130)]","[(172, 130), (294, 130), (294, 467), (172, 467)]"
plate-290.png,ปั่น,7326,พระนครศรีอยุธยา,"[(99, 0), (358, 0), (358, 130), (99, 130)]","[(93, 130), (373, 130), (373, 467), (93, 467)]"
plate-291.png,หง่าง,4178,ประจวบคีรีขันธ์,"[(74, 0), (382, 0), (382, 130), (74, 130)]","[(116, 130), (350, 130), (350, 467), (116, 467)]"
plate-292.png,หมอง,6,มุกดาหาร,"[(120, 0), (337, 0), (337, 130), (120, 130)]","[(158, 130), (308, 130), (308, 467), (158, 467)]"
plate-293.png,เผล่,82,อ่างทอง,"[(128, 0), (328, 0), (328, 130), (128, 130)]","[(170, 130), (297, 130), (297, 467), (170, 467)]"
plate-294.png,ไทย,5672,พัทลุง,"[(86, 0), (370, 0), (370, 130), (86, 130)]","[(188, 130), (278, 130), (278, 467), (188, 467)]"
plate-295.png,วิวาท,816,พิษณุโลก,"[(93, 0), (364, 0), (364, 130), (93, 130)]","[(161, 130), (305, 130), (305, 467), (161, 467)]"
plate-296.png,ผงก,653,แม่ฮ่องสอน,"[(102, 0), (355, 0), (355, 130), (102, 130)]","[(144, 130), (322, 130), (322, 467), (144, 467)]"
plate-297.png,โซม,4,ชลบุรี,"[(146, 0), (310, 0), (310, 130), (146, 130)]","[(190, 130), (277, 130), (277, 467), (190, 467)]"
plate-298.png,นข,732,สมุทรสาคร,"[(121, 0), (336, 0), (336, 130), (121, 130)]","[(147, 130), (320, 130), (320, 467), (147, 467)]"
plate-299.png,พลอด,8571,ศรีสะเกษ,"[(64, 0), (392, 0), (392, 130), (64, 130)]","[(164, 130), (302, 130), (302, 467), (164, 467)]"
plate-300.png,โอด,02,กรุงเทพมหานคร,"[(125, 0), (332, 0), (332, 130), (125, 130)]","[(107, 130), (359, 130), (359, 467), (107, 467)]"
plate-301.png,เขียด,7,ระยอง,"[(130, 0), (326, 0), (326, 130), (130, 130)]","[(183, 130), (284, 130), (284, 467), (183, 467)]"
plate-302.png,กรณียะ,314,สมุทรสงคราม,"[(64, 0), (393, 0), (393, 130), (64, 130)]","[(126, 130), (341, 130), (341, 467), (126, 467)]"
plate-303.png,ประแจ,482,จันทบุรี,"[(70, 0), (387, 0), (387, 130), (70, 130)]","[(177, 130), (290, 130), (290, 467), (177, 467)]"
plate-304.png,อาทิ,876,สตูล,"[(101, 0), (356, 0), (356, 130), (101, 130)]","[(199, 130), (267, 130), (267, 467), (199, 467)]"
plate-305.png,เร้น,1403,อ่างทอง,"[(100, 0), (356, 0), (356, 130), (100, 130)]","[(170, 130), (297, 130), (297, 467), (170, 467)]"
plate-306.png,เถื่อน,75,ราชบุรี,"[(108, 0), (348, 0), (348, 130), (108, 130)]","[(182, 130), (285, 130), (285, 467), (182, 467)]"
plate-307.png,ห้อม,6354,นราธิวาส,"[(80, 0), (377, 0), (377, 130), (80, 130)]","[(160, 130), (306, 130), (306, 467), (160, 467)]"
plate-308.png,ทักข์,135,อุดรธานี,"[(108, 0), (349, 0), (349, 130), (108, 130)]","[(168, 130), (299, 130), (299, 467), (168, 467)]"
plate-309.png,บัญชี,807,ตาก,"[(90, 0), (366, 0), (366, 130), (90, 130)]","[(201, 130), (266, 130), (266, 467), (201, 467)]"
plate-310.png,ลาบ,0547,ชุมพร,"[(82, 0), (375, 0), (375, 130), (82, 130)]","[(190, 130), (277, 130), (277, 467), (190, 467)]"
plate-311.png,ทับ,365,แม่ฮ่องสอน,"[(118, 0), (338, 0), (338, 130), (118, 130)]","[(144, 130), (322, 130), (322, 467), (144, 467)]"
plate-312.png,จท,8905,พังงา,"[(101, 0), (355, 0), (355, 130), (101, 130)]","[(193, 130), (274, 130), (274, 467), (193, 467)]"
plate-313.png,กระซิก,2,นครราชสีมา,"[(108, 0), (348, 0), (348, 130), (108, 130)]","[(138, 130), (328, 130), (328, 467), (138, 467)]"
plate-314.png,ป๋อม,856,อุบลราชธานี,"[(98, 0), (359, 0), (359, 130), (98, 130)]","[(136, 130), (330, 130), (330, 467), (136, 467)]"
plate-315.png,จด,18,อุตรดิตถ์,"[(147, 0), (309, 0), (309, 130), (147, 130)]","[(166, 130), (301, 130), (301, 467), (166, 467)]"
plate-316.png,ชท,452,ขอนแก่น,"[(122, 0), (335, 0), (335, 130), (122, 130)]","[(166, 130), (301, 130), (301, 467), (166, 467)]"
plate-317.png,ศวา,314,พิจิตร,"[(112, 0), (345, 0), (345, 130), (112, 130)]","[(189, 130), (277, 130), (277, 467), (189, 467)]"
plate-318.png,ขบขัน,6140,ภูเก็ต,"[(70, 0), (386, 0), (386, 130), (70, 130)]","[(194, 130), (273, 130), (273, 467), (194, 467)]"
plate-319.png,พรรค,8,สระบุรี,"[(121, 0), (336, 0), (336, 130), (121, 130)]","[(182, 130), (284, 130), (284, 467), (182, 467)]"
plate-320.png,สีห์,4023,สุโขทัย,"[(101, 0), (356, 0), (356, 130), (101, 130)]","[(181, 130), (286, 130), (286, 467), (181, 467)]"
plate-321.png,กุบกับ,6230,ลำพูน,"[(58, 0), (399, 0), (399, 130), (58, 130)]","[(188, 130), (279, 130), (279, 467), (188, 467)]"
plate-322.png,บุทคล,024,ตราด,"[(77, 0), (380, 0), (380, 130), (77, 130)]","[(191, 130), (276, 130), (276, 467), (191, 467)]"
plate-323.png,รส,427,อุตรดิตถ์,"[(124, 0), (333, 0), (333, 130), (124, 130)]","[(166, 130), (301, 130), (301, 467), (166, 467)]"
plate-324.png,นช,4082,สุโขทัย,"[(101, 0), (355, 0), (355, 130), (101, 130)]","[(181, 130), (286, 130), (286, 467), (181, 467)]"
plate-325.png,คุ,702,บุรีรัมย์,"[(140, 0), (317, 0), (317, 130), (140, 130)]","[(178, 130), (288, 130), (288, 467), (178, 467)]"
plate-326.png,ภิกษุ,072,นครสวรรค์,"[(97, 0), (359, 0), (359, 130), (97, 130)]","[(147, 130), (319, 130), (319, 467), (147, 467)]"
plate-327.png,สวย,15,ยโสธร,"[(129, 0), (328, 0), (328, 130), (129, 130)]","[(182, 130), (285, 130), (285, 467), (182, 467)]"
plate-328.png,หัสดิน,3267,พิจิตร,"[(59, 0), (397, 0), (397, 130), (59, 130)]","[(189, 130), (277, 130), (277, 467), (189, 467)]"
plate-329.png,นิมนต์,764,เลย,"[(77, 0), (380, 0), (380, 130), (77, 130)]","[(205, 130), (261, 130), (261, 467), (205, 467)]"
plate-330.png,วังสะ,6451,สมุทรสาคร,"[(80, 0), (376, 0), (376, 130), (80, 130)]","[(147, 130), (320, 130), (320, 467), (147, 467)]"
plate-331.png,ภูมิ,654,ชุมพร,"[(120, 0), (337, 0), (337, 130), (120, 130)]","[(190, 130), (277, 130), (277, 467), (190, 467)]"
plate-332.png,มั้ย,5184,ระนอง,"[(106, 0), (350, 0), (350, 130), (106, 130)]","[(182, 130), (284, 130), (284, 467), (182, 467)]"
plate-333.png,มวน,5801,พระนครศรีอยุธยา,"[(87, 0), (369, 0), (369, 130), (87, 130)]","[(93, 130), (373, 130), (373, 467), (93, 467)]"
plate-334.png,ชะลอม,3240,ยะลา,"[(47, 0), (410, 0), (410, 130), (47, 130)]","[(193, 130), (274, 130), (274, 467), (193, 467)]"
plate-335.png,บรรณ,0384,หนองคาย,"[(53, 0), (403, 0), (403, 130), (53, 130)]","[(156, 130), (310, 130), (310, 467), (156, 467)]"
plate-336.png,ลาง,8327,สตูล,"[(85, 0), (372, 0), (372, 130), (85, 130)]","[(199, 130), (267, 130), (267, 467), (199, 467)]"
plate-337.png,พาลา,6,แพร่,"[(122, 0), (334, 0), (334, 130), (122, 130)]","[(201, 130), (266, 130), (266, 467), (201, 467)]"
plate-338.png,เชาวน์,6425,ระนอง,"[(59, 0), (398, 0), (398, 130), (59, 130)]","[(182, 130), (284, 130), (284, 467), (182, 467)]"
plate-339.png,อัด,386,ราชบุรี,"[(119, 0), (337, 0), (337, 130), (119, 130)]","[(182, 130), (285, 130), (285, 467), (182, 467)]"
plate-340.png,ยโสธร,5471,สระบุรี,"[(57, 0), (399, 0), (399, 130), (57, 130)]","[(182, 130), (284, 130), (284, 467), (182, 467)]"
plate-341.png,วรรธนะ,1806,สุราษฎร์ธานี,"[(40, 0), (417, 0), (417, 130), (40, 130)]","[(137, 130), (330, 130), (330, 467), (137, 467)]"
plate-342.png,เถิ่ง,5864,สระบุรี,"[(95, 0), (362, 0), (362, 130), (95, 130)]","[(182, 130), (284, 130), (284, 467), (182, 467)]"
plate-343.png,ทูล,3524,อุบลราชธานี,"[(100, 0), (357, 0), (357, 130), (100, 130)]","[(136, 130), (330, 130), (330, 467), (136, 467)]"
plate-344.png,ขน,3860,บุรีรัมย์,"[(101, 0), (355, 0), (355, 130), (101, 130)]","[(178, 130), (288, 130), (288, 467), (178, 467)]"
plate-345.png,เยือน,7263,ระยอง,"[(70, 0), (387, 0), (387, 130), (70, 130)]","[(183, 130), (284, 130), (284, 467), (183, 467)]"
plate-346.png,อุบะ,153,อุตรดิตถ์,"[(111, 0), (345, 0), (345, 130), (111, 130)]","[(166, 130), (301, 130), (301, 467), (166, 467)]"
plate-347.png,มารยา,5301,สิงห์บุรี,"[(54, 0), (403, 0), (403, 130), (54, 130)]","[(179, 130), (287, 130), (287, 467), (179, 467)]"
plate-348.png,ไช,2376,สุโขทัย,"[(110, 0), (346, 0), (346, 130), (110, 130)]","[(181, 130), (286, 130), (286, 467), (181, 467)]"
plate-349.png,เหย้า,1625,ภูเก็ต,"[(81, 0), (375, 0), (375, 130), (81, 130)]","[(194, 130), (273, 130), (273, 467), (194, 467)]"
plate-350.png,งร,273,บึงกาฬ,"[(125, 0), (331, 0), (331, 130), (125, 130)]","[(178, 130), (288, 130), (288, 467), (178, 467)]"
plate-351.png,คั่ง,5,อุบลราชธานี,"[(161, 0), (295, 0), (295, 130), (161, 130)]","[(136, 130), (330, 130), (330, 467), (136, 467)]"
plate-352.png,ภัสดา,83,เชียงใหม่,"[(100, 0), (356, 0), (356, 130), (100, 130)]","[(167, 130), (300, 130), (300, 467), (167, 467)]"
plate-353.png,ยศ,80,อ่างทอง,"[(137, 0), (319, 0), (319, 130), (137, 130)]","[(170, 130), (297, 130), (297, 467), (170, 467)]"
plate-354.png,ผุ,4382,ลำพูน,"[(119, 0), (337, 0), (337, 130), (119, 130)]","[(188, 130), (279, 130), (279, 467), (188, 467)]"
plate-355.png,อุโฆษ,8,ยะลา,"[(121, 0), (335, 0), (335, 130), (121, 130)]","[(193, 130), (274, 130), (274, 467), (193, 467)]"
plate-356.png,กุ๋ย,1385,ปราจีนบุรี,"[(106, 0), (350, 0), (350, 130), (106, 130)]","[(157, 130), (309, 130), (309, 467), (157, 467)]"
plate-357.png,ไอยรา,1084,ปัตตานี,"[(58, 0), (399, 0), (399, 130), (58, 130)]","[(177, 130), (290, 130), (290, 467), (177, 467)]"
plate-358.png,วู่วาม,8403,สมุทรปราการ,"[(66, 0), (391, 0), (391, 130), (66, 130)]","[(126, 130), (340, 130), (340, 467), (126, 467)]"
plate-359.png,นข,6301,ระนอง,"[(109, 0), (347, 0), (347, 130), (109, 130)]","[(182, 130), (284, 130), (284, 467), (182, 467)]"
plate-360.png,อินัง,601,ชลบุรี,"[(109, 0), (348, 0), (348, 130), (109, 130)]","[(190, 130), (277, 130), (277, 467), (190, 467)]"
plate-361.png,ยั่ว,5180,สระแก้ว,"[(109, 0), (348, 0), (348, 130), (109, 130)]","[(172, 130), (294, 130), (294, 467), (172, 467)]"
plate-362.png,เหว,4023,สุโขทัย,"[(93, 0), (363, 0), (363, 130), (93, 130)]","[(181, 130), (286, 130), (286, 467), (181, 467)]"
plate-363.png,ราหู,65,ปราจีนบุรี,"[(125, 0), (332, 0), (332, 130), (125, 130)]","[(157, 130), (309, 130), (309, 467), (157, 467)]"
plate-364.png,ค่าง,6870,นนทบุรี,"[(85, 0), (371, 0), (371, 130), (85, 130)]","[(175, 130), (291, 130), (291, 467), (175, 467)]"
plate-365.png,ฟท,0832,ภูเก็ต,"[(97, 0), (360, 0), (360, 130), (97, 130)]","[(194, 130), (273, 130), (273, 467), (194, 467)]"
plate-366.png,ลั่นทม,385,สุรินทร์,"[(75, 0), (381, 0), (381, 130), (75, 130)]","[(178, 130), (288, 130), (288, 467), (178, 467)]"
plate-367.png,วิเศษ,784,ยโสธร,"[(91, 0), (366, 0), (366, 130), (91, 130)]","[(182, 130), (285, 130), (285, 467), (182, 467)]"
plate-368.png,พึง,2075,ปัตตานี,"[(102, 0), (355, 0), (355, 130), (102, 130)]","[(177, 130), (290, 130), (290, 467), (177, 467)]"
plate-369.png,กระจัด,3170,ชัยภูมิ,"[(56, 0), (400, 0), (400, 130), (56, 130)]","[(189, 130), (278, 130), (278, 467), (189, 467)]"
plate-370.png,ฉาย,7614,มหาสารคาม,"[(89, 0), (368, 0), (368, 130), (89, 130)]","[(138, 130), (329, 130), (329, 467), (138, 467)]"
plate-371.png,โมเม,1462,สระบุรี,"[(85, 0), (372, 0), (372, 130), (85, 130)]","[(182, 130), (284, 130), (284, 467), (182, 467)]"
plate-372.png,แล่ง,5,กำแพงเพชร,"[(143, 0), (314, 0), (314, 130), (143, 130)]","[(143, 130), (324, 130), (324, 467), (143, 467)]"
plate-373.png,ตอก,407,หนองคาย,"[(99, 0), (358, 0), (358, 130), (99, 130)]","[(156, 130), (310, 130), (310, 467), (156, 467)]"
plate-374.png,ควับ,8231,เชียงใหม่,"[(88, 0), (369, 0), (369, 130), (88, 130)]","[(167, 130), (300, 130), (300, 467), (167, 467)]"
plate-375.png,จัตุ,867,เพชรบูรณ์,"[(121, 0), (335, 0), (335, 130), (121, 130)]","[(157, 130), (309, 130), (309, 467), (157, 467)]"
plate-376.png,หาร,072,สระบุรี,"[(104, 0), (352, 0), (352, 130), (104, 130)]","[(182, 130), (284, 130), (284, 467), (182, 467)]"
plate-377.png,อิ่ม,42,ตรัง,"[(139, 0), (318, 0), (318, 130), (139, 130)]","[(202, 130), (264, 130), (264, 467), (202, 467)]"
plate-378.png,ปล่อง,8351,นครสวรรค์,"[(68, 0), (389, 0), (389, 130), (68, 130)]","[(147, 130), (319, 130), (319, 467), (147, 467)]"
plate-379.png,นอน,302,ลำพูน,"[(97, 0), (360, 0), (360, 130), (97, 130)]","[(188, 130), (279, 130), (279, 467), (188, 467)]"
plate-380.png,ทาส,521,สุพรรณบุรี,"[(110, 0), (347, 0), (347, 130), (110, 130)]","[(151, 130), (315, 130), (315, 467), (151, 467)]"
plate-381.png,งีบ,7834,ปทุมธานี,"[(101, 0), (355, 0), (355, 130), (101, 130)]","[(165, 130), (301, 130), (301, 467), (165, 467)]"
plate-382.png,วันต์,863,นครปฐม,"[(100, 0), (356, 0), (356, 130), (100, 130)]","[(166, 130), (300, 130), (300, 467), (166, 467)]"
plate-383.png,เซราะ,357,พระนครศรีอยุธยา,"[(84, 0), (373, 0), (373, 130), (84, 130)]","[(93, 130), (373, 130), (373, 467), (93, 467)]"
plate-384.png,เตี่ย,760,ฉะเชิงเทรา,"[(110, 0), (346, 0), (346, 130), (110, 130)]","[(152, 130), (315, 130), (315, 467), (152, 467)]"
plate-385.png,ขั้ว,814,ยโสธร,"[(131, 0), (325, 0), (325, 130), (131, 130)]","[(182, 130), (285, 130), (285, 467), (182, 467)]"
plate-386.png,เดช,075,ชุมพร,"[(113, 0), (344, 0), (344, 130), (113, 130)]","[(190, 130), (277, 130), (277, 467), (190, 467)]"
plate-387.png,ปวารณา,543,เพชรบูรณ์,"[(38, 0), (418, 0), (418, 130), (38, 130)]","[(157, 130), (309, 130), (309, 467), (157, 467)]"
plate-388.png,ส้วม,7,สระบุรี,"[(140, 0), (316, 0), (316, 130), (140, 130)]","[(182, 130), (284, 130), (284, 467), (182, 467)]"
plate-389.png,โล่ง,2,นครนายก,"[(147, 0), (309, 0), (309, 130), (147, 130)]","[(155, 130), (311, 130), (311, 467), (155, 467)]"
plate-390.png,ร้อน,0731,ร้อยเอ็ด,"[(88, 0), (368, 0), (368, 130), (88, 130)]","[(172, 130), (294, 130), (294, 467), (172, 467)]"
plate-391.png,บาตร,0416,สงขลา,"[(72, 0), (384, 0), (384, 130), (72, 130)]","[(182, 130), (285, 130), (285, 467), (182, 467)]"
plate-392.png,กลาย,543,จันทบุรี,"[(81, 0), (375, 0), (375, 130), (81, 130)]","[(177, 130), (290, 130), (290, 467), (177, 467)]"
plate-393.png,กี่,147,ราชบุรี,"[(147, 0), (309, 0), (309, 130), (147, 130)]","[(182, 130), (285, 130), (285, 467), (182, 467)]"
plate-394.png,กรวด,2,สุราษฎร์ธานี,"[(123, 0), (334, 0), (334, 130), (123, 130)]","[(137, 130), (330, 130), (330, 467), (137, 467)]"
plate-395.png,คึก,381,สุโขทัย,"[(126, 0), (331, 0), (331, 130), (126, 130)]","[(181, 130), (286, 130), (286, 467), (181, 467)]"
plate-396.png,มอด,5483,อ่างทอง,"[(79, 0), (378, 0), (378, 130), (79, 130)]","[(170, 130), (297, 130), (297, 467), (170, 467)]"
plate-397.png,เจษฎา,60,สมุทรสงคราม,"[(93, 0), (363, 0), (363, 130), (93, 130)]","[(126, 130), (341, 130), (341, 467), (126, 467)]"
plate-398.png,ก่อง,35,พัทลุง,"[(121, 0), (335, 0), (335, 130), (121, 130)]","[(188, 130), (278, 130), (278, 467), (188, 467)]"
plate-399.png,หาง,716,ลพบุรี,"[(112, 0), (344, 0), (344, 130), (112, 130)]","[(188, 130), (279, 130), (279, 467), (188, 467)]"
plate-400.png,ทำเล,3840,อำนาจเจริญ,"[(71, 0), (385, 0), (385, 130), (71, 130)]","[(138, 130), (329, 130), (329, 467), (138, 467)]"
plate-401.png,จ้อง,5468,ระนอง,"[(85, 0), (371, 0), (371, 130), (85, 130)]","[(182, 130), (284, 130), (284, 467), (182, 467)]"
plate-402.png,ขมา,8906,สระแก้ว,"[(85, 0), (371, 0), (371, 130), (85, 130)]","[(172, 130), (294, 130), (294, 467), (172, 467)]"
plate-403.png,ศัสตรา,867,พิษณุโลก,"[(65, 0), (392, 0), (392, 130), (65, 130)]","[(161, 130), (305, 130), (305, 467), (161, 467)]"
plate-404.png,อ้อ,254,ยะลา,"[(120, 0), (336, 0), (336, 130), (120, 130)]","[(193, 130), (274, 130), (274, 467), (193, 467)]"
plate-405.png,ก้อย,5068,ลพบุรี,"[(79, 0), (377, 0), (377, 130), (79, 130)]","[(188, 130), (279, 130), (279, 467), (188, 467)]"
plate-406.png,ประมวล,1034,สุรินทร์,"[(35, 0), (421, 0), (421, 130), (35, 130)]","[(178, 130), (288, 130), (288, 467), (178, 467)]"
plate-407.png,ถ่าง,713,ศรีสะเกษ,"[(112, 0), (345, 0), (345, 130), (112, 130)]","[(164, 130), (302, 130), (302, 467), (164, 467)]"
plate-408.png,เรียว,6351,บึงกาฬ,"[(84, 0), (373, 0), (373, 130), (84, 130)]","[(178, 130), (288, 130), (288, 467), (178, 467)]"
plate-409.png,สูร,43,พิษณุโลก,"[(143, 0), (314, 0), (314, 130), (143, 130)]","[(161, 130), (305, 130), (305, 467), (161, 467)]"
plate-410.png,กานดา,746,อุบลราชธานี,"[(64, 0), (393, 0), (393, 130), (64, 130)]","[(136, 130), (330, 130), (330, 467), (136, 467)]"
plate-411.png,เพรา,570,หนองคาย,"[(94, 0), (362, 0), (362, 130), (94, 130)]","[(156, 130), (310, 130), (310, 467), (156, 467)]"
plate-412.png,สมาน,630,จันทบุรี,"[(81, 0), (375, 0), (375, 130), (81, 130)]","[(177, 130), (290, 130), (290, 467), (177, 467)]"
plate-413.png,ตะบัน,2,ปราจีนบุรี,"[(121, 0), (335, 0), (335, 130), (121, 130)]","[(157, 130), (309, 130), (309, 467), (157, 467)]"
plate-414.png,สังกร,83,สุโขทัย,"[(104, 0), (353, 0), (353, 130), (104, 130)]","[(181, 130), (286, 130), (286, 467), (181, 467)]"
plate-415.png,เหรียญ,283,มุกดาหาร,"[(62, 0), (395, 0), (395, 130), (62, 130)]","[(158, 130), (308, 130), (308, 467), (158, 467)]"
plate-416.png,ยน,1,เลย,"[(164, 0), (293, 0), (293, 130), (164, 130)]","[(205, 130), (261, 130), (261, 467), (205, 467)]"
plate-417.png,วาง,8,มุกดาหาร,"[(145, 0), (311, 0), (311, 130), (145, 130)]","[(158, 130), (308, 130), (308, 467), (158, 467)]"
plate-418.png,เชียง,7416,กำแพงเพชร,"[(84, 0), (373, 0), (373, 130), (84, 130)]","[(143, 130), (324, 130), (324, 467), (143, 467)]"
plate-419.png,ยืม,2,บึงกาฬ,"[(157, 0), (299, 0), (299, 130), (157, 130)]","[(178, 130), (288, 130), (288, 467), (178, 467)]"
plate-420.png,ทัง,05,ชัยนาท,"[(141, 0), (316, 0), (316, 130), (141, 130)]","[(178, 130), (288, 130), (288, 467), (178, 467)]"
plate-421.png,พริ้ง,68,ศรีสะเกษ,"[(123, 0), (334, 0), (334, 130), (123, 130)]","[(164, 130), (302, 130), (302, 467), (164, 467)]"
plate-422.png,หู่,1640,สุโขทัย,"[(128, 0), (328, 0), (328, 130), (128, 130)]","[(181, 130), (286, 130), (286, 467), (181, 467)]"
plate-423.png,จัญไร,864,พระนครศรีอยุธยา,"[(82, 0), (375, 0), (375, 130), (82, 130)]","[(93, 130), (373, 130), (373, 467), (93, 467)]"
plate-424.png,เพทาย,10,เชียงใหม่,"[(96, 0), (361, 0), (361, 130), (96, 130)]","[(167, 130), (300, 130), (300, 467), (167, 467)]"
plate-425.png,ต่าง,283,ชัยภูมิ,"[(104, 0), (352, 0), (352, 130), (104, 130)]","[(189, 130), (278, 130), (278, 467), (189, 467)]"
plate-426.png,ฆาต,4,ลำปาง,"[(140, 0), (316, 0), (316, 130), (140, 130)]","[(181, 130), (286, 130), (286, 467), (181, 467)]"
plate-427.png,กระฎี,418,ระนอง,"[(94, 0), (362, 0), (362, 130), (94, 130)]","[(182, 130), (284, 130), (284, 467), (182, 467)]"
plate-428.png,สิขา,0467,เชียงราย,"[(87, 0), (370, 0), (370, 130), (87, 130)]","[(166, 130), (300, 130), (300, 467), (166, 467)]"
plate-429.png,ตริ,64,เพชรบูรณ์,"[(143, 0), (314, 0), (314, 130), (143, 130)]","[(157, 130), (309, 130), (309, 467), (157, 467)]"
plate-430.png,บ้อม,0,พัทลุง,"[(136, 0), (321, 0), (321, 130), (136, 130)]","[(188, 130), (278, 130), (278, 467), (188, 467)]"
plate-431.png,มลทิน,254,ร้อยเอ็ด,"[(77, 0), (380, 0), (380, 130), (77, 130)]","[(172, 130), (294, 130), (294, 467), (172, 467)]"
plate-432.png,แวะ,5468,นนทบุรี,"[(91, 0), (366, 0), (366, 130), (91, 130)]","[(175, 130), (291, 130), (291, 467), (175, 467)]"
plate-433.png,สอบ,2186,เชียงราย,"[(87, 0), (369, 0), (369, 130), (87, 130)]","[(166, 130), (300, 130), (300, 467), (166, 467)]"
plate-434.png,กว่า,02,ปราจีนบุรี,"[(124, 0), (333, 0), (333, 130), (124, 130)]","[(157, 130), (309, 130), (309, 467), (157, 467)]"
plate-435.png,กรัง,8271,นนทบุรี,"[(92, 0), (364, 0), (364, 130), (92, 130)]","[(175, 130), (291, 130), (291, 467), (175, 467)]"
plate-436.png,ปลาก,75,ยโสธร,"[(100, 0), (357, 0), (357, 130), (100, 130)]","[(182, 130), (285, 130), (285, 467), (182, 467)]"
plate-437.png,ซึ่ง,5,ระนอง,"[(164, 0), (293, 0), (293, 130), (164, 130)]","[(182, 130), (284, 130), (284, 467), (182, 467)]"
plate-438.png,แน่,613,พระนครศรีอยุธยา,"[(128, 0), (328, 0), (328, 130), (128, 130)]","[(93, 130), (373, 130), (373, 467), (93, 467)]"
plate-439.png,เถิ่ง,5784,ระนอง,"[(94, 0), (363, 0), (363, 130), (94, 130)]","[(182, 130), (284, 130), (284, 467), (182, 467)]"
plate-440.png,จน,537,อุบลราชธานี,"[(120, 0), (336, 0), (336, 130), (120, 130)]","[(136, 130), (330, 130), (330, 467), (136, 467)]"
plate-441.png,ลำพัง,6385,มหาสารคาม,"[(63, 0), (393, 0), (393, 130), (63, 130)]","[(138, 130), (329, 130), (329, 467), (138, 467)]"
plate-442.png,สะกิด,378,ปัตตานี,"[(84, 0), (372, 0), (372, 130), (84, 130)]","[(177, 130), (290, 130), (290, 467), (177, 467)]"
plate-443.png,ฮื้อ,768,ยะลา,"[(119, 0), (337, 0), (337, 130), (119, 130)]","[(193, 130), (274, 130), (274, 467), (193, 467)]"
plate-444.png,วาณิช,357,ลำพูน,"[(76, 0), (380, 0), (380, 130), (76, 130)]","[(188, 130), (279, 130), (279, 467), (188, 467)]"
plate-445.png,จอก,2,ร้อยเอ็ด,"[(140, 0), (317, 0), (317, 130), (140, 130)]","[(172, 130), (294, 130), (294, 467), (172, 467)]"
plate-446.png,ง้ำ,0,เพชรบูรณ์,"[(163, 0), (293, 0), (293, 130), (163, 130)]","[(157, 130), (309, 130), (309, 467), (157, 467)]"
plate-447.png,ถือ,1,ฉะเชิงเทรา,"[(165, 0), (291, 0), (291, 130), (165, 130)]","[(152, 130), (315, 130), (315, 467), (152, 467)]"
plate-448.png,ระบิล,18,หนองบัวลำภู,"[(112, 0), (344, 0), (344, 130), (112, 130)]","[(134, 130), (333, 130), (333, 467), (134, 467)]"
plate-449.png,ทรัพย์,3061,นครสวรรค์,"[(67, 0), (390, 0), (390, 130), (67, 130)]","[(147, 130), (319, 130), (319, 467), (147, 467)]"
plate-450.png,พะนอ,2,ยะลา,"[(121, 0), (336, 0), (336, 130), (121, 130)]","[(193, 130), (274, 130), (274, 467), (193, 467)]"
plate-451.png,คลื่น,632,อำนาจเจริญ,"[(99, 0), (358, 0), (358, 130), (99, 130)]","[(138, 130), (329, 130), (329, 467), (138, 467)]"
plate-452.png,ย้อม,251,จันทบุรี,"[(106, 0), (351, 0), (351, 130), (106, 130)]","[(177, 130), (290, 130), (290, 467), (177, 467)]"
plate-453.png,กลืน,3456,เลย,"[(80, 0), (377, 0), (377, 130), (80, 130)]","[(205, 130), (261, 130), (261, 467), (205, 467)]"
plate-454.png,ลก,4,กระบี่,"[(158, 0), (298, 0), (298, 130), (158, 130)]","[(192, 130), (275, 130), (275, 467), (192, 467)]"
plate-455.png,กลัว,0643,สระแก้ว,"[(83, 0), (374, 0), (374, 130), (83, 130)]","[(172, 130), (294, 130), (294, 467), (172, 467)]"
plate-456.png,กระวี,3142,ลพบุรี,"[(78, 0), (378, 0), (378, 130), (78, 130)]","[(188, 130), (279, 130), (279, 467), (188, 467)]"
plate-457.png,กลี,01,กรุงเทพมหานคร,"[(146, 0), (311, 0), (311, 130), (146, 130)]","[(107, 130), (359, 130), (359, 467), (107, 467)]"
plate-458.png,นร,6321,สิงห์บุรี,"[(110, 0), (346, 0), (346, 130), (110, 130)]","[(179, 130), (287, 130), (287, 467), (179, 467)]"
plate-459.png,พุทโธ่,0645,ลพบุรี,"[(65, 0), (391, 0), (391, 130), (65, 130)]","[(188, 130), (279, 130), (279, 467), (188, 467)]"
plate-460.png,ละมุด,1,นราธิวาส,"[(130, 0), (327, 0), (327, 130), (130, 130)]","[(160, 130), (306, 130), (306, 467), (160, 467)]"
plate-461.png,ยุบ,6037,ปทุมธานี,"[(99, 0), (358, 0), (358, 130), (99, 130)]","[(165, 130), (301, 130), (301, 467), (165, 467)]"
plate-462.png,เผชิญ,3,ฉะเชิงเทรา,"[(121, 0), (336, 0), (336, 130), (121, 130)]","[(152, 130), (315, 130), (315, 467), (152, 467)]"
plate-463.png,ยน,384,ปัตตานี,"[(117, 0), (339, 0), (339, 130), (117, 130)]","[(177, 130), (290, 130), (290, 467), (177, 467)]"
plate-464.png,แยง,1,ชัยนาท,"[(149, 0), (307, 0), (307, 130), (149, 130)]","[(178, 130), (288, 130), (288, 467), (178, 467)]"
plate-465.png,พรม,81,ยโสธร,"[(126, 0), (331, 0), (331, 130), (126, 130)]","[(182, 130), (285, 130), (285, 467), (182, 467)]"
plate-466.png,งาม,7810,จันทบุรี,"[(91, 0), (365, 0), (365, 130), (91, 130)]","[(177, 130), (290, 130), (290, 467), (177, 467)]"
plate-467.png,ผวา,305,ราชบุรี,"[(103, 0), (353, 0), (353, 130), (103, 130)]","[(182, 130), (285, 130), (285, 467), (182, 467)]"
plate-468.png,วิกาล,5,พะเยา,"[(123, 0), (334, 0), (334, 130), (123, 130)]","[(187, 130), (279, 130), (279, 467), (187, 467)]"
plate-469.png,นุงนัง,26,สิงห์บุรี,"[(103, 0), (354, 0), (354, 130), (103, 130)]","[(179, 130), (287, 130), (287, 467), (179, 467)]"
plate-470.png,กาสร,7836,กาญจนบุรี,"[(66, 0), (391, 0), (391, 130), (66, 130)]","[(151, 130), (315, 130), (315, 467), (151, 467)]"
plate-471.png,ทะมึน,0651,ยะลา,"[(71, 0), (386, 0), (386, 130), (71, 130)]","[(193, 130), (274, 130), (274, 467), (193, 467)]"
plate-472.png,สังวาล,5832,สกลนคร,"[(48, 0), (409, 0), (409, 130), (48, 130)]","[(166, 130), (301, 130), (301, 467), (166, 467)]"
plate-473.png,สำรวล,3047,ตราด,"[(47, 0), (409, 0), (409, 130), (47, 130)]","[(191, 130), (276, 130), (276, 467), (191, 467)]"
plate-474.png,พิษฐาน,0472,ขอนแก่น,"[(40, 0), (416, 0), (416, 130), (40, 130)]","[(166, 130), (301, 130), (301, 467), (166, 467)]"
plate-475.png,ย้าย,26,ลำพูน,"[(121, 0), (335, 0), (335, 130), (121, 130)]","[(188, 130), (279, 130), (279, 467), (188, 467)]"
plate-476.png,พอก,45,ชัยนาท,"[(117, 0), (339, 0), (339, 130), (117, 130)]","[(178, 130), (288, 130), (288, 467), (178, 467)]"
plate-477.png,พิการ,2,ตรัง,"[(122, 0), (335, 0), (335, 130), (122, 130)]","[(202, 130), (264, 130), (264, 467), (202, 467)]"
plate-478.png,สนทนา,5812,นนทบุรี,"[(47, 0), (410, 0), (410, 130), (47, 130)]","[(175, 130), (291, 130), (291, 467), (175, 467)]"
plate-479.png,ลามก,6421,สระบุรี,"[(70, 0), (386, 0), (386, 130), (70, 130)]","[(182, 130), (284, 130), (284, 467), (182, 467)]"
plate-480.png,เย้ย,0834,ราชบุรี,"[(89, 0), (367, 0), (367, 130), (89, 130)]","[(182, 130), (285, 130), (285, 467), (182, 467)]"
plate-481.png,เสี่ยง,2316,กำแพงเพชร,"[(82, 0), (374, 0), (374, 130), (82, 130)]","[(143, 130), (324, 130), (324, 467), (143, 467)]"
plate-482.png,ปข,24,นราธิวาส,"[(141, 0), (316, 0), (316, 130), (141, 130)]","[(160, 130), (306, 130), (306, 467), (160, 467)]"
plate-483.png,ช้อย,570,เพชรบูรณ์,"[(101, 0), (356, 0), (356, 130), (101, 130)]","[(157, 130), (309, 130), (309, 467), (157, 467)]"
plate-484.png,พูด,7520,กำแพงเพชร,"[(99, 0), (358, 0), (358, 130), (99, 130)]","[(143, 130), (324, 130), (324, 467), (143, 467)]"
plate-485.png,อื้อ,5,กาญจนบุรี,"[(158, 0), (298, 0), (298, 130), (158, 130)]","[(151, 130), (315, 130), (315, 467), (151, 467)]"
plate-486.png,บริหาร,4138,ตรัง,"[(53, 0), (404, 0), (404, 130), (53, 130)]","[(202, 130), (264, 130), (264, 467), (202, 467)]"
plate-487.png,ยก,7568,แม่ฮ่องสอน,"[(100, 0), (357, 0), (357, 130), (100, 130)]","[(144, 130), (322, 130), (322, 467), (144, 467)]"
plate-488.png,นาย,73,สมุทรสงคราม,"[(119, 0), (337, 0), (337, 130), (119, 130)]","[(126, 130), (341, 130), (341, 467), (126, 467)]"
plate-489.png,เซิง,57,สมุทรปราการ,"[(135, 0), (321, 0), (321, 130), (135, 130)]","[(126, 130), (340, 130), (340, 467), (126, 467)]"
plate-490.png,ฝูง,87,ระนอง,"[(140, 0), (317, 0), (317, 130), (140, 130)]","[(182, 130), (284, 130), (284, 467), (182, 467)]"
plate-491.png,ฉันท์,2,อุดรธานี,"[(134, 0), (322, 0), (322, 130), (134, 130)]","[(168, 130), (299, 130), (299, 467), (168, 467)]"
plate-492.png,ม้วย,54,พัทลุง,"[(120, 0), (336, 0), (336, 130), (120, 130)]","[(188, 130), (278, 130), (278, 467), (188, 467)]"
plate-493.png,ผิว,7854,อุทัยธานี,"[(101, 0), (355, 0), (355, 130), (101, 130)]","[(166, 130), (301, 130), (301, 467), (166, 467)]"
plate-494.png,ควัก,8,ร้อยเอ็ด,"[(139, 0), (317, 0), (317, 130), (139, 130)]","[(172, 130), (294, 130), (294, 467), (172, 467)]"
plate-495.png,ตะพาบ,32,ระยอง,"[(84, 0), (373, 0), (373, 130), (84, 130)]","[(183, 130), (284, 130), (284, 467), (183, 467)]"
plate-496.png,ผ่อน,46,สมุทรสาคร,"[(117, 0), (339, 0), (339, 130), (117, 130)]","[(147, 130), (320, 130), (320, 467), (147, 467)]"
plate-497.png,เผ,64,สระแก้ว,"[(150, 0), (306, 0), (306, 130), (150, 130)]","[(172, 130), (294, 130), (294, 467), (172, 467)]"
plate-498.png,ขลา,80,นราธิวาส,"[(123, 0), (334, 0), (334, 130), (123, 130)]","[(160, 130), (306, 130), (306, 467), (160, 467)]"
plate-499.png,ประตู,62,นครราชสีมา,"[(107, 0), (350, 0), (350, 130), (107, 130)]","[(138, 130), (328, 130), (328, 467), (138, 467)]"
